,SNP,Chr,Pos,P.value,MAF,traits
1208,AX-94820134, 2, 50777943,2.005159e-06,0.33374384,GLM.HeadingDate
1211,AX-94413562, 2, 52902043,1.604569e-06,0.28386700,GLM.HeadingDate
1373,AX-95253275, 2,297114804,6.619783e-07,0.19458128,GLM.HeadingDate
2150,AX-94935095, 2,652302178,2.072077e-06,0.37068966,GLM.HeadingDate
2158,AX-94820148, 2,654027127,3.485966e-08,0.47167488,GLM.HeadingDate
2507,AX-94854015, 3, 46631989,1.612107e-06,0.37869458,GLM.HeadingDate
2508,AX-94936778, 3, 47328480,1.441451e-06,0.12869458,GLM.HeadingDate
2509,AX-94983790, 3, 47879587,1.229771e-06,0.28140394,GLM.HeadingDate
2539,AX-95239397, 3, 59129671,1.672786e-08,0.08928571,GLM.HeadingDate
2593,AX-95229843, 3,291091633,1.291372e-08,0.19273399,GLM.HeadingDate
2721,AX-95168158, 3,462203545,1.351872e-07,0.07142857,GLM.HeadingDate
3875,AX-95215145, 4,726617608,6.275765e-09,0.31773399,GLM.HeadingDate
4133,AX-95237347, 4,776550624,1.602041e-06,0.14778325,GLM.HeadingDate
4288,AX-95012573, 5, 17346167,2.033582e-06,0.32327586,GLM.HeadingDate
4357,AX-94802827, 5, 28423734,5.876960e-07,0.12315271,GLM.HeadingDate
4462,AX-94768203, 5, 64988255,4.003209e-08,0.04433498,GLM.HeadingDate
4600,AX-94903427, 5,135691643,2.554765e-08,0.03633005,GLM.HeadingDate
5291,AX-94809641, 5,694991974,1.011218e-06,0.36822660,GLM.HeadingDate
5605,AX-95023665, 5,750017811,1.704835e-06,0.04741379,GLM.HeadingDate
6008,AX-94599879, 6, 32190116,3.900771e-08,0.18165025,GLM.HeadingDate
6941,AX-94793041, 7,108730580,3.791240e-07,0.03263547,GLM.HeadingDate
7056,AX-95630504, 7,485601611,2.041377e-06,0.09975369,GLM.HeadingDate
7366,AX-95103182, 7,672556160,1.097174e-08,0.04064039,GLM.HeadingDate
8416,AX-94804745, 8,600906465,1.936459e-06,0.43411330,GLM.HeadingDate
8431,AX-95629357, 8,617683213,3.581432e-07,0.17672414,GLM.HeadingDate
8548,AX-94529408, 8,719779243,2.400684e-07,0.04371921,GLM.HeadingDate
8655,AX-94583491, 8,761879368,9.731498e-07,0.15394089,GLM.HeadingDate
9559,AX-94936896,10,584934385,1.600412e-06,0.05911330,GLM.HeadingDate
9560,AX-94542441,10,585028281,3.073702e-07,0.05726601,GLM.HeadingDate
9566,AX-94860543,10,593336959,3.272396e-08,0.03201970,GLM.HeadingDate
9572,AX-94835579,10,595984892,6.932989e-07,0.08251232,GLM.HeadingDate
9573,AX-94708695,10,596218458,2.605427e-07,0.08066502,GLM.HeadingDate
9574,AX-94954950,10,596447631,1.118519e-06,0.13546798,GLM.HeadingDate
9615,AX-94420589,10,602911145,9.770740e-08,0.23891626,GLM.HeadingDate
10259,AX-95074942,11,391594721,1.968210e-07,0.24938424,GLM.HeadingDate
11210,AX-94913174,13,459003112,1.987304e-09,0.19827586,GLM.HeadingDate
11211,AX-94433353,13,460518458,1.330319e-08,0.21674877,GLM.HeadingDate
11275,AX-94530692,13,472434086,7.868159e-07,0.14901478,GLM.HeadingDate
11339,AX-94522762,13,485598092,1.513009e-09,0.40209360,GLM.HeadingDate
11341,AX-95222660,13,485841422,1.308438e-06,0.50000000,GLM.HeadingDate
11520,AX-95156390,13,568157508,8.433115e-08,0.33620690,GLM.HeadingDate
11524,AX-95684846,13,569452562,3.670465e-07,0.35960591,GLM.HeadingDate
11531,AX-94500910,13,569869093,8.183769e-07,0.41995074,GLM.HeadingDate
11542,AX-94879565,13,574749985,2.654092e-07,0.04864532,GLM.HeadingDate
11566,AX-94416069,13,584045136,1.761600e-06,0.19519704,GLM.HeadingDate
11569,AX-95181791,13,584672929,1.925877e-10,0.09790640,GLM.HeadingDate
11570,AX-95082060,13,584673025,4.943209e-14,0.07266010,GLM.HeadingDate
11573,AX-94980357,13,585070858,1.222641e-14,0.05911330,GLM.HeadingDate
11574,AX-95210025,13,585412820,6.535243e-13,0.09913793,GLM.HeadingDate
11584,AX-94404219,13,588854453,4.448588e-10,0.19766010,GLM.HeadingDate
11585,AX-94395687,13,588872133,1.643226e-09,0.15763547,GLM.HeadingDate
11586,AX-94926419,13,588873834,9.027991e-10,0.15147783,GLM.HeadingDate
11587,AX-95002541,13,588874315,3.963131e-12,0.31834975,GLM.HeadingDate
11698,AX-94641216,13,659339572,2.630250e-07,0.15640394,GLM.HeadingDate
12012,AX-94753708,14, 57704064,1.535547e-06,0.15701970,GLM.HeadingDate
12264,AX-95201440,14,403544676,1.617520e-07,0.26416256,GLM.HeadingDate
12265,AX-94500078,14,403779962,1.033771e-07,0.26539409,GLM.HeadingDate
12266,AX-95154523,14,403780138,2.119290e-07,0.26354680,GLM.HeadingDate
12274,AX-95684191,14,410532705,3.789562e-10,0.19889163,GLM.HeadingDate
12275,AX-94679014,14,410848445,1.323842e-07,0.26169951,GLM.HeadingDate
12300,AX-95630220,14,438169921,4.067630e-08,0.18965517,GLM.HeadingDate
12746,AX-94465686,14,558420303,3.155763e-07,0.36822660,GLM.HeadingDate
12788,AX-94452355,14,571616147,5.404616e-08,0.41440887,GLM.HeadingDate
14511,AX-95074796,17,  5794012,5.450578e-09,0.23953202,GLM.HeadingDate
14768,AX-95120765,17,116276033,2.452011e-06,0.27032020,GLM.HeadingDate
14792,AX-95155136,17,122967805,5.068460e-09,0.19273399,GLM.HeadingDate
14793,AX-94615571,17,123712837,4.125800e-07,0.38916256,GLM.HeadingDate
16320,AX-95200915,19, 64314748,2.206248e-06,0.36330049,GLM.HeadingDate
17112,AX-94626387,19,694546562,4.034556e-07,0.45443350,GLM.HeadingDate
17211,AX-95123768,19,727052790,5.513114e-07,0.05295567,GLM.HeadingDate
17388,AX-94441789,20, 62950832,8.903340e-08,0.11145320,GLM.HeadingDate
17390,AX-94818843,20, 63171174,1.920181e-07,0.49753695,GLM.HeadingDate
17392,AX-95223861,20, 63569397,1.220323e-10,0.04371921,GLM.HeadingDate
17393,AX-94589755,20, 63569839,4.950342e-11,0.09174877,GLM.HeadingDate
17394,AX-94657816,20, 63809175,4.639042e-08,0.09051724,GLM.HeadingDate
17469,AX-94500980,20,128071414,2.157353e-06,0.46551724,GLM.HeadingDate
17634,AX-94826288,20,445296292,2.263670e-12,0.09174877,GLM.HeadingDate
18102,AX-94582074,20,724954096,9.113191e-07,0.16379310,GLM.HeadingDate
18369,AX-94935560,21, 58856277,2.171354e-06,0.09236453,GLM.HeadingDate
18374,AX-94943835,21, 59097444,1.246166e-07,0.09051724,GLM.HeadingDate
18375,AX-94434054,21, 59860885,3.423689e-07,0.09852217,GLM.HeadingDate
18376,AX-94436996,21, 59873376,2.975315e-08,0.20443350,GLM.HeadingDate
1017,AX-94454667, 2,   717177,3.805307e-09,0.20223325,GLM.PlantHeight
1045,AX-94676183, 2,  3658070,5.417472e-07,0.39330025,GLM.PlantHeight
1052,AX-95196508, 2,  4484598,6.125077e-08,0.37841191,GLM.PlantHeight
1060,AX-95232570, 2,  7479810,1.602345e-06,0.25620347,GLM.PlantHeight
1560,AX-95177095, 2,410813584,6.976111e-09,0.13337469,GLM.PlantHeight
3894,AX-94720274, 4,734257237,2.600755e-06,0.06079404,GLM.PlantHeight
4130,AX-94559451, 4,776496755,1.887359e-06,0.49751861,GLM.PlantHeight
4192,AX-94526671, 5,  5669131,2.096188e-06,0.49379653,GLM.PlantHeight
4991,AX-95090777, 5,553982134,5.980139e-07,0.13895782,GLM.PlantHeight
5469,AX-94580431, 5,730298747,1.201067e-06,0.48325062,GLM.PlantHeight
5537,AX-94563384, 5,741444957,2.382660e-06,0.30024814,GLM.PlantHeight
5590,AX-94723353, 5,748702673,1.363251e-06,0.26488834,GLM.PlantHeight
6358,AX-95091574, 6,588122285,1.759378e-09,0.39950372,GLM.PlantHeight
6403,AX-94998421, 6,598329499,2.346467e-06,0.33746898,GLM.PlantHeight
6407,AX-95129637, 6,598816328,2.206865e-07,0.43982630,GLM.PlantHeight
6433,AX-94416935, 6,603648232,1.063628e-07,0.28660050,GLM.PlantHeight
6450,AX-94569991, 6,608916940,1.213845e-06,0.26116625,GLM.PlantHeight
8802,AX-94666153, 8,819652091,4.964633e-07,0.16191067,GLM.PlantHeight
8829,AX-95136479, 8,822819414,1.218141e-06,0.14330025,GLM.PlantHeight
9036,AX-95024590, 9,152556447,1.551781e-06,0.43858561,GLM.PlantHeight
9337,AX-94455967,10, 47144712,8.377557e-07,0.09181141,GLM.PlantHeight
9341,AX-94734571,10, 56141839,9.692273e-08,0.04280397,GLM.PlantHeight
9524,AX-94943259,10,559047142,1.525046e-06,0.39516129,GLM.PlantHeight
10254,AX-94405950,11,387868708,1.642995e-06,0.24441687,GLM.PlantHeight
10255,AX-94388294,11,387880259,2.256578e-06,0.24503722,GLM.PlantHeight
10256,AX-95232992,11,388619393,5.606087e-07,0.23573201,GLM.PlantHeight
10257,AX-95094806,11,388719113,2.850388e-07,0.23883375,GLM.PlantHeight
10262,AX-95191849,11,394552463,3.962455e-07,0.23263027,GLM.PlantHeight
10265,AX-95178548,11,402762244,2.489634e-07,0.23511166,GLM.PlantHeight
10266,AX-94612223,11,403443078,2.630593e-07,0.22890819,GLM.PlantHeight
10525,AX-94474747,11,638589003,3.319909e-07,0.41066998,GLM.PlantHeight
10745,AX-94906386,12,323578819,3.120746e-07,0.23138958,GLM.PlantHeight
11866,AX-95100031,14,  1155861,2.600323e-06,0.43610422,GLM.PlantHeight
12245,AX-95130306,14,387904518,1.715399e-06,0.33250620,GLM.PlantHeight
12246,AX-94426468,14,388595100,2.477988e-06,0.33808933,GLM.PlantHeight
12249,AX-94562038,14,392490041,6.103549e-07,0.31079404,GLM.PlantHeight
13239,AX-94530330,15,  1587345,1.101460e-06,0.40198511,GLM.PlantHeight
13318,AX-94459110,15,417608024,1.796699e-06,0.28287841,GLM.PlantHeight
15705,AX-95630937,17,712237494,1.135885e-06,0.33995037,GLM.PlantHeight
15706,AX-94431596,17,712237795,4.673682e-07,0.34181141,GLM.PlantHeight
15801,AX-94537124,18,  4517908,9.712092e-07,0.27233251,GLM.PlantHeight
16310,AX-94477691,19, 59417515,8.943183e-07,0.04528536,GLM.PlantHeight
16582,AX-94527869,19,191266419,1.078483e-06,0.21464020,GLM.PlantHeight
17676,AX-95230468,20,518414337,1.792415e-06,0.13213400,GLM.PlantHeight
17685,AX-94532247,20,524619737,9.381617e-11,0.12841191,GLM.PlantHeight
11570,AX-95082060,13,584673025,1.906506e-06,0.07266010,MLM.HeadingDate
17634,AX-94826288,20,445296292,1.301909e-06,0.09174877,MLM.HeadingDate
1017,AX-94454667,2,   717177,1.421924e-06,0.2022333,MLM.PlantHeight
1560,AX-95177095,2,410813584,2.021911e-07,0.1333747,MLM.PlantHeight
